키워드,카테고리
할인,가격(가성비)
유해물질,안전성(위험요소)
친환경,안전성(위험요소)
걱정없는,기능성(소재)
무거운,기능성(소재)
성장,안전성(위험요소)
발육,안전성(위험요소)
수면,안전성(위험요소)
숙면,안전성(위험요소)
환경,안전성(위험요소)
자세,안전성(위험요소)
기능성,기능성(소재)
예쁜,디자인(감성)
재구매,가격(가성비)
투자,가격(가성비)
구매력,가격(가성비)
독립심,디자인(감성)
씩씩한,디자인(감성)
귀여운,디자인(감성)
북유럽,디자인(감성)
감성,디자인(감성)
저렴,가격(가성비)
가격,가격(가성비)
가성비,가격(가성비)
관전포인트,가격(가성비)
핫딜,가격(가성비)
초핫딜,가격(가성비)
사은품,가격(가성비)
소재,기능성(소재)
재질,기능성(소재)
입증,안전성(위험요소)
후기,안전성(위험요소)
구매후기,디자인(감성)
성능,안전성(위험요소)
추천,디자인(감성)
온도,안전성(위험요소)
출산,기능성(소재)
선물,기능성(소재)
실물,기능성(소재)
이벤트,가격(가성비)
부모님,가격(가성비)
남편,가격(가성비)
시누이,가격(가성비)
대나무,안전성(위험요소)
텐셀,안전성(위험요소)
침대,안전성(위험요소)
바닥,기능성(소재)
바닥생활,기능성(소재)
얇은,기능성(소재)
니즈,안전성(위험요소)
니즈파악,안전성(위험요소)
쿠폰,안전성(위험요소)
영상,안전성(위험요소)
비교,안전성(위험요소)
미끄럼방지,안전성(위험요소)
논슬립,안전성(위험요소)
내구성,안전성(위험요소)
세탁용이,안전성(위험요소)
정품,안전성(위험요소)
우수,안전성(위험요소)
촉감,기능성(소재)
부드러움,기능성(소재)
편안한,기능성(소재)
안락함,기능성(소재)
포근함,기능성(소재)
