,stt_time,stt_word
0,00:14,"시작했습니다. 안녕하세요. 안녕하세요. 
아직 안 켜졌나요. 안녕하세요. 란 님 안녕하세요. 
토비 님 안녕하세요. 기다렸어요. 안녕하세요. 
아직 안 나오네요. 조금만 기다려볼게요 안녕하세요. 
안녕하세요."
1,00:34,"안녕하세요. 기다렸어요. 안녕하세요. 
안녕하세요. 여러분 반갑습니다. yks 님 yks 님 지난번에 들어오신 것 같아요. 
낮잠 이불은 안 하는 거죠. 라님 오늘 낮잠 이불은 없습니다. 
오늘은 인경 쿨리트로 만나뵐게요 여러분 오늘 근데 아직 저희 얼굴이 보이나요. 
안녕하세요. 아직 안 보이죠. 여러분 보이면 보인다고 얘기를 좀 해주세요. 
저희 지금 안 보이고 있어 가지고"
2,00:59,"안녕하세요. 지오이 님 안녕하세요. 안 뜨네요. 
왜 안 오늘 지금 거 보이신다고 하시는데 보이세요. 
뜹니다. 안녕하세요. 안녕하세요. 보여요 보여요 뚱이는 고양이 님 기다렸어요. 
안녕하세요."
3,01:20,"안녕하세요. 오늘 시작부터 많이 들어오고 계세요. 
벌써 시작과 동시에 1분 접속하고 들어오십니다. 
심쿵 심쿵 님 보여요 안녕하세요. 네 안녕하세요. 
네 계속 들어오고 계시네요. 매번 라방 참여 중이에요. 
제트 제트 에스 님 감사합니다. 감사합니다. 
오늘 이런 분들이 커피 쿠폰 가져가시면 좋겠습니다."
4,01:41,"자주 저희 라이브 방송 놀러 와 주시는 분들 너무너무 감사합니다. 
안녕하세요. dks 너무 길어요. 안 읽어요. 
네 감사합니다. 캡처 이벤트가 뭔데요. 
김김김 님 좀 이따 제가 캡처를 저희가 해가지고 두 분한테 저희가 방송 때마다 그냥 시원한 아이스 아메리카노를 제공을 제공 선물해 드리고 있고 이거는 이제 구매를 하시든 안 하시든 저희가 그냥 선물로 드리고 있으니까요. 
구매를 하셔도 좋고 하시면 더 좋고 안 하시더라도 저희랑 즐겁게 즐겨주시면 좋을 것 같아요."
5,02:13,"vkd 님 라밤 꾸준히 보고 있어요. 
안녕하세요. 라바 별리 벌써 구매 완료 구매 완료하셨다고 네 벌써 이제 1200분 넘게 들어와 계시고 본격적으로 저희 인사하고 시작할게요 하나 둘 셋 안녕하세요. 
안녕하세요. 여러분 비리엔다 쇼핑 라이브에 오신 여러분 환영합니다. 
여러분 벌써 이제 날씨가 너무 따뜻해졌어요. 
맞아요. 근데"
6,02:39,"지금 날씨가 되게 오락가락해요. 지난주는 또 너무 더웠고 또 오늘은 이번 주는 또 약간 쌀쌀하거든요. 
지금 오락가락합니다. 그러면 이게 지금 이제 본격적으로 더워지기 전에 좀 약간 미쳐가는 거예요. 
여러분 확 떨어져요. 이러다 갑자기 확 떨어지거든요. 
그래서 5월 중순이 넘어가면 본격적으로 날씨가 따뜻해질 거기 때문에 저희가 이제 5월 초에"
7,03:03,"여러분들 미리미리 준비하시라고 얼리버드 썸머 특가를 저희가 릴레이로 준비를 해놨고 오늘은 인간 편으로 준비를 했습니다. 
w 악수 한번 네. 인견 편으로 준비를 했고요. 
인견 플랭킷 기대됩니다. 소코미 님 감사합니다. 
오늘은 저희가 이제 날씨가 본격적으로 더워지기 전에 비비엔다의 대표적인 여름 소재 인견 편으로 준비를 했고요"
8,03:30,"인견 제품 중에 가장 잘 나가는 제품들 모아모아 핫딜로 라이브 방송을 좀 비교도 해드리고 보여드리고 핫딜로 구매하실 수 있는 샹스 드릴 테니까요. 
만약에 비빈다 인견 들어봤지 내가 인견하면 비비엔 라고 들어봤지 하시는 분들은 오늘 인견을 노르셨던 분들은 들어오시면 좋을 것 같아요. 
사실 여름 하면"
9,03:54,"옛날 우리 어르신 때부터 어르신들이 거의 많이 쓰셨죠. 
어르신 때부터 유명한 소재가 인견이에요. 
근데 인견을 사실 유아용품에는 잘 못 썼어요. 
생각을 못했던 생각을 못 했어요. 왜냐면 인경이 시원한 거는 알고 있는데 좀 까슬까슬한 약간 떼 털 같은 그런 특유의 느낌이 있었기 때문에"
10,04:19,"10살이 유아용품 피부가 연약하고 아직 신생아 때 너무 애지중지하는 그런 아가들한테 쓸 생각을 못했던 소재가 인견인데 비비엔다가 어쨌든 소재를 조금 선두해 나가는 기업으로서 저희가 또 소재만 연구하는 팀이 따로 있을 정도로 소재로는 굉장히 유명하잖아요. 
그래서 인견을 저희가 한 5년 6년 전부터 소개하기 시작했고 독보적인 판매율을 지금 저희가 자랑을 하고 있는데 오늘은 그 인견으로 함께 할 거고요 우리"
11,04:48,"소개도 안 하고 나 오늘 애정 열정이 넘치네 지금 여러분 소개 한번 하고 갈게요 여러분 근데 저희 다 아시죠 이제 이제 다 아시죠 저는 비비엔다에서 나온 별이 키우고 있는 24개월 이번 달에 저희 딸이 24개월 두 돌 됐습니다. 
이 네 24개월 별이 키우고 있는 비비 언니입니다. 
안녕하세요. 안녕하세요. 네 네 안녕하세요. 
저는 42개월 된 아들 서원이를 키우고 있는"
12,05:15,"예비 다둥이 맘이 예비 다둥이 맘 여기 둥둥이가 있습니다. 
여러분 둥둥이 네 윤리 실장입니다. 오늘도 실장도 함께해 주셨고 이제 예비 다둥이 맘으로서 네 이제 이제 게임 끝났어 우리 제품들도 그럼 그러니까 40개월 넘은 아기를 키울 때는 선배 마음으로서 바라보다가 이제 내가 애기가 둘째 셋째가 이제 곧 태어난다 생각하니까 제품이 새로 보인다고 하시더라고요 예 더 냉정하게 보이기도 했고 더 냉정하게 보이게 그래서 오늘 선배 다둑맘으로서 오늘 이제"
13,05:47,"저희 유리 실장이 함께하실 거고요 쿨매트는 이벤트 안 하나요. 
오늘 지금 저희가 쿨매트 행사를 할 거고요. 
지금 저희가 선착순 500분에게 블랭키 증정하고 있어요. 
그래서 지금 구매가 거의 11시 1분 00초에 지금 구매가 들어오고 있기 때문에 구성을 한번 빨리 소개를 해드리고 가도록 하겠습니다."
14,06:08,"구매 인증 벌써 계속 올라오고 계세요. 
여러분 비비엔다 인견 하면 인견 하면 비비엔다인데 거기서 가장 지금 베스트 판매율인 인견 쿨매트 오늘 당연히 준비를 했고요. 
인견 쿨매트는 저희가 사이즈가 3가지로 되어 있습니다. 
유아 특대형 100에 150 비비는 다 범퍼 침대 호원 사이즈고 국내 대부분의 범퍼 침대가 요 사이즈일 거라고 생각이 됩니다. 
100에 150 사이즈가 오늘"
15,06:32,"인경 쿨매트가 원래 소비자 가격이 유아용 사이즈가 8만 9천원이에요. 
오늘 핫트가로 5만 5천원 결제하실 수 있는데 오늘 저희가 얼리버드 선물 타카 대만 준비한 2천 원 추가 쿠폰이 붙어 있어요. 
요거 다운 받아서 구매를 하셔야 되고 그다음에 오늘 이제 라이브 보고 구매하시는 분들은 최대 7%의 적립금 최대 7%의 적립금을 캐시백 받으실 수 있기 때문에 네이버 멤버십 있는 분들에 한해서"
16,07:01,"그리고 그다음에 포토오기 작성하시면 또 포인트가 돌아오기 때문에 체감가 4만 원대로 떨어집니다. 
여러분 네 그래서 익경 쿨매트 노리셨던 분들은 티대형 사이즈 슈퍼 싱글 사이즈 퀸 사이즈 순서대로 이렇게 좀 봐주시면 될 것 같고 이렇게 좀 봐주시면 될 것 같고 체감가는 이렇게 된다는 거 퀸 사이즈도 오늘 무려 사실 7만 원대는 보기가 힘든 가격이에요. 
여러분"
17,07:26,"보통 10만 원 정도 주셔야 되기 때문에 퀸 사이즈 큰 사이즈로 하시면 오늘 하트가 8만 5천 원 또 쿠폰 받으시고 적립금 혜택 받으시면 최근가 7만 원대로 떨어집니다. 
그래서 오늘 인경 쿨매트는 얼리버드 선버트가일 때 재미있는 거를 무조건 추천을 드리고요 만약에 나는 인견을 좀 인문을 하는데 쿨매트는 부담스럽고 나는 오늘 인견 그냥 패드할래 하시면"
18,07:49,"특대형 사이즈밖에 없어요. 인견 패드는 인견 패드는 3만 5천 원에 결제하시고 최강가 3만 2천원 나옵니다. 
오늘 인견 패드 가격 너무 좋죠. 만약에 나는 기왕 사는 거 세트로 할래 나는 기왕 사는 거 세트로 할래 하시는 분들은 인견 쿨매트 세트는 견 쿨매트에다가 인견 블랭킷에다가 메시로 되어 있는 비비 필로우까지 이렇게 세트 하시면"
19,08:12,"이렇게 다 세트로 하시면 최가가 7만 8천 원대 나오고요. 
그다음에 인견 패드 세트는 인견 패드에 여기에 들어있는 인견 블랙티는 동일하고요. 
여기는 bb 필로우지만 여기는 그냥 솜백이라고 보시면 될 것 같아요. 
그래서 손베개 요렇게 세트로 하시면 5만 원대로 5만 원대로 인견 패드 인견 이불 인견 베개까지 세트로 가져가신다고 봐주시면 될 것 같아요."
20,08:35,"그렇게 봐주시면 될 것 같고 오늘 지금 혜택이 너무너무 빵빵하거든요. 
왜냐면 저희가 시즌 시작할 때 가장 큰 행사를 한두 번 정도 해요. 
왜냐하면 좀 미리미리 준비하시는 분들을 위해서 첫 시즌 특가는 굉장히 크게 오픈 특가 얼리버드 썸머 특가 이런 식으로 해서 굉장히 혜택을 빵빵하게 준비했고 오늘 그날이고요 여러분"
21,08:57,"인간 쿨매트 구매하시면 지금 아까 보셨던 요 3개 상품에는 요 2천 원 쿠폰이 달려 있을 거예요. 
네 요거를 꼭 다운을 받아서 저희 스토어 찜만 하시면 누구든 받으실 수 있으니까요. 
2천 원 다운받으셔서 적용하셔서 구매하시고"
22,09:16,"오늘 저희가 선착순 500분에 인견 블랭킷 달아놨습니다. 
여러분 그래서 인견 콜맨트 구매하실 때 밑에 보시면 선착순 사은품 증정 이렇게 달려 있고 인견 냉간 블랭킷 요거 무료로 받아가실 수 있는데 이건 선착순 500분에게만 드릴 건데 저희가 보통 한 300분씩 드려요. 
그러면 너무 빨리 끝나는 거야 여러분들 막 5분 7분 거 그래서 오늘 특별히 500분 준비해놨거든요. 
그래서 최소한 10분은 버텨주기를 바라며 하지만 이거 원하시는 분들은 빨리 들어오시기를 바라고요"
23,09:46,선 결제 후 고민하셔야 돼요 왜냐하면 선착순 사은품이 맨날 있는 게 아니기 때문에 있을 때는 무조건 달려놔야 돼요 여러분 인간 쿨 매트 구매하시면 이게 지금 오늘 대박인 것 같아 내 생각에 왜냐면 쿨 매트가 5만 원대로 사는데 수면 좋게 2만 원짜리인데 저희가 이제 시즌 첫 때는 좀 입소문을 내달라는 부탁의 말씀으로 후기를 작성하시면 좀 사업을
24,10:12,"근데 이거를 잘 쓰는 사람만 차별해서 주는 게 아니고 봐드려요. 
무조건 드릴 거예요. 인견 수면 주기 그래서 후기 이벤트에 참여하시면 무조건 드리는 인견 수면 조기 사은품 준비해놨고요 라이브 시청 후 오늘 구매하시면 기본으로 네이버는 구매하시면 1% 적립금이 돌아오는데 라이브 보고 구매하시면 2% 추가로 받으실 수"
25,10:34,있고 거기에 멤버십 오늘 네이버 멤버십 거의 다 가지고 계시죠 네이버 멤버십 있으시면 라이브 구매하고 라이브 보고 구매하시면 1% 2% 돌아오는데 4%가 추가로 와서 이렇게 오늘 또 선물하기로 하면은 추가로 적립금 주는 거 막 뜨던데 그걸 하시면 상품 선택이 안 되더라고요 그래서 내가 나는 그래도 적립금을 최대한 많이 받을래 하면 선물하기로 해가지고 적립금을 좀 받으시고
26,11:06,"만약에 나는 그래도 사은품이 빵빵하니까 선착순 500분 안에 들어가지고 원품 받을래 하시면 선착순 사은품으로 선택하시면 될 것 같아요. 
요거 사품 잠깐 보여드릴까요. 네 사은품 한번 보여드리고 갈까요. 
사이즈 요 블랙키 사이즈 궁금해하시는 분들이 좀 계신 것 같아요. 
이거랑 지금 저희가 상용품으로 준비해 놓은 게 지금 저희가 약간 신상품으로 테스트해 보고 있는 소재인데 보통 저희가 이제 비비엔다의 가장 유명한 쿨매트 소재가 인견 아이싱이잖아요."
27,11:33,"인견이랑 아이씨랑 섞었어요. 너무 쉬워 대박이야 이거 근데 이거는 저희가 약간 테스트를 하고 있는 진짜 지금 이렇게 하는데 너무 쉬워 가지고 이거는 사이즈는 이게 사이즈가 몇이에요. 
사이즈가 근데 이거 그냥 유모차에 딱 유모차에 적기에 딱 좋은 사이즈인데 이게 인견 90%의 냉감 10%를 넣어놨거든요. 
맞나"
28,11:57,인견이랑 냉감이랑 같이 섞 인견 90%의 냉감 10%를 섞어놔가지고 요게 이제 저희가 요렇게
29,12:09,"섞어놔가지고 사이즈는 적당한 애기 블랙 핏으로 쓰실 수 있게 해드린 거고 요거를 요거 사이즈 한번 확인해 주세요. 
요거를 드릴 거예요. 되게 찰랑찰랑해요. 
찰랑 가방에 넣어서 가지고 다니시기도 되게 유모차에 접어서 쓰면 딱이에요. 
네 그래서 굉장히 시원한 소재라서 요거를 접으면 요만해집니다. 
네. 접으면 진짜 핸드백에 티도 안 나게 거의 기저귀 파우치 같은 거 거의 기저귀 하나만큼으로 접혀요 이렇게"
30,12:39,"그래서 요거를 굉장히 유용하게 쓰실 수 있으실 것 같아서 요거를 저희가 선착순 500분한테 드릴 거기 때문에 만약에 만는 이거 꼭 받고 싶어 그러면 무조건 선정하세요. 
무조건 선정하시고 네. 사이즈가 적지는 않네요. 
네 사은품 블랭크 네 사은품은 요 4가지 중에 랜덤 디자인으로 갈 거예요. 
사은품은 네 빨리 치워주시고 네. 그리고 저희가 지금 이벤트를 2가지를 하고 있는데 여러분 이벤트가 아까 여기 안 적혀 있었나요."
31,13:11,"여기에 이벤트가 정리가 안 되어 있었네요. 
저희가 방송 중에 아까 지금 캡처 이벤트 알려주세요라고 하시는데 캡처 이벤트는 여러분이 캡처하시는 게 아니고 저희가 캡처를 할 거예요. 
방송 중에 저희가 캡처해가지고 두 분 좀 있다가 랜덤하게 구매를 안 하셨어도 상관없는 분들에게 아이스 아메리카노 두 분 싸드리도록 하겠습니다."
32,13:33,"아이싱은 안 하나요. 아이싱은 다음 주 화요일 5월 10일 12시에 준비되어 있으니까요. 
오늘은 인견 편 다음 주에 아이싱 편으로 준비해드릴게요 아기 이불은 다 비비엔다만 쓰고 있어요. 
감사해요. 패드 시원해 보이네요. 패드 본격적으로 보여드릴게요 yks 님 그리고 구매 인증 이벤트 있는데요. 
지금 제트 제트 에스 님 지금 2020503 이렇게"
33,13:57,"주문 번호 쭉 복사해서 구매 인증이요라고 올려주셨어요. 
룰루 님도 올려주셨어요. 네 담는 순간 품절 됐어요. 
품절이 벌써 뜨고 있나 봐요 지금 여러분 네 그래서 룰루 님처럼 이렇게 구매 인증을 해주시면 저희 지금 주임 님이 앞에서 한 분을 좀 이따 랜덤하게 그냥 캡처할 거예요. 
저랑 제가 뽑는 거 아니고 저기 앞에서 뽑고 있어요. 
그래서 한 명을 딱 뽑아가지고 좀 이따가 50분 정도에 발표해 드리고"
34,14:23,"비비엔다 공식 홈페이지에 쓰실 수 있는 예치금 10만 원을 드릴 거예요. 
예 그래서 오늘 쿨매트 세트 이거 다 해도 10만 원 안 되는데 10만 원을 구매 인증만 하시면 한 분에게는 드릴 거기 때문에 만약에 다음 주에 아이싱 사야 돼 오늘 인견 사야 돼 고민되시는 분들 오늘 인견 사시고 구매 인증에서 만약에 10만 원이 당첨이 된다. 
된다 하시면 10만 원 받은 걸로 아이싱 사세요. 
아이싱 플렉 사세요. 네."
35,14:49,"구매 인증이요 구매 인증이었네요. 오늘 구매 인증 많이 올라가고 있고 본격적으로 이제 네 여러분 아셨죠. 
캡처 이벤트는 커피 쿠폰 2 분 구매 인증은 좀 이따 한 분 추천해서 10만 원 적립금 쌓아드릴게요 네 네 잠시만요. 
보여주세요. 네. 그러면 본격적으로 이제 제품 소개해드릴 건데요. 
오늘 댓글이 좀 빨리 올라와서 댓글 읽느라고 좀 정신이 없었네요."
36,15:15,"여러분 오늘 이제 인견 편으로 준비를 했는데 아직도 인견을 모르시는 분들이 계실까요. 
인견을 여러분 인견이라는 소재는 이제 나무 펄프에서 실로 뽑아가지고 자연에서 가져온 실로 뽑아가지고 나무에서 펄프 소재를 실로 뽑아가지고 원단을 짜서 물로 한번 짜내가지고 만든 소재가 인견이에요."
37,15:39,"그래서 여러분들이 어렸을 때 아마 왜 우리 할머니 집에 가면 항상 인연으로 우리 할머니들은 꼭 여름에는 인견 몸빼 바지 맞아 고쟁이 바지 나 그거 너무 좋아해가지고 맨날 내가 입었거든 내가 시골 할머니 집 가면 그걸 내가 입고 돌아다녔거든 그게 따슬바슬하면서 시원하니 너무 좋아 그래서 할머니 집에 가면 항상 있었던 게 인견인데 사실 이제 이게 유아용으로 쓰기에는 좀 소재가 너무 까끌까끌했어요. 
약간 약간 떼밀리같이 까끌까끌했어요. 
그래서 사실"
38,16:13,인견은 너무 오래된 전통적인 자연에서 가져와서 가공해서 가공 섬유이지만 또 자연에서 추출한 소재이기 때문에 폴리스테나 이런 것처럼 화학으로 만든 소재가 아니고 원 재료를 자연에서 가져온 소재기 때문에 자연 소재로 만든 거고 그거를 이제 우리가 왜 여름에 한여름에 아무리 더워도
39,16:36,"햇볕 안 들어오는 숲에 들어가면 나뭇잎에 들어가면 시원하잖아요. 
그 느낌이라고 보시면 돼요 익명 콜레트에 딱 누워 있으면 선선하다 약간 요런 느낌 그래서 우리가 항상 말하는 게 있어. 
인간 쿨매트 쓰시는 분들은 여기 위에서 그냥 자도 너무 좋아해요. 
솔직히 너무 시원하고 너무 좋은데 선풍기를 한여름에 여러분 이건 신선 놀음이라 그래"
40,17:01,"선풍기를 약품 아니야 강품 아니야 약품 약품 미품 미품로 틀고 그 있잖아 오는 듯 마는듯 하는 그런 바람 그걸로 딱 틀어놓고 이제 임산부 있으시니까 임산부 여름에 익명 콜레트 하나 딱 깔고 아기 낮잠 잘 때 거실에 딱 깔고 선풍기를 미풍으로 틀고 이렇게 누워 있어 봐요 너무 좋죠. 
인생 더 바랄 게 없어 수박 까먹으면 수박 먹어 인생 뭐 다 바랄 게 없어 수박 까먹으면서 미풍 틀어놓고 여기 누워갖고 수박 먹으면서 넷플릭스 한편 때려"
41,17:33,"인생 뭐 없어 인생 별거 없어요. 그렇게 시원한 소재라고 봐주시면 될 것 같고 비비엔다 덕분에 이번 여름 시원하게 보낼 수 있게 됐어요. 
별빛 반장님 감사해요. 그래서 인견 쿨매트는 자연에서 오는 그런 험한 소재라고 봐주시면 될 것 같고"
42,17:51,비비엔다 저희가 후기를 읽어보면 저희가 이제 후기를 너무 소중하게 생각해서 후기를 정말 정독을 하는 편인데 후기를 보면은 제일 많이 올라오는 그 후기가 사실 한 4년 5년 전에만 해도 사실 인견이 비비엔다가 인견의 유아용품을 출시하기 전에는 거의 다른 브랜드에서 인견을 출시할 엄두를 못 냈어요.
43,18:11,"엄두를 못 냈어 어 아기 건데 인견 너무 까슬하지 않을까 너무 작은 할머니들이나 할머니들이나 어르신들이나 하는 거 아니야 그거 아니야 그리고 너무 까끌거리지 않아라고 했는데 이제 저희가 여러 가지 테스트를 통해서 저희가 이제 또 소재 전문 연구소 팀이 따로 있단 말이에요. 
거기서 굉장히 가공을 여러 가지를 해보고 굉장히 부드럽게 가공을 했기 때문에 첫 번째로 많은 호기가"
44,18:38,"인견인데 부드럽다. 생각보다 부드럽다. 
그러니까 이게 막 미끌미끌할 정도로 부드럽진 않아 실크 같진 않아 솔직하게 그 실크 같다라는 얘기도 또 하시는 분들이 실크 같은 거 좀 오바야 아 진짜 너무 왜냐면은 지원 아니야 지원 우의 뭔가 고정관념이 고정 관념이 게 딱딱하다라는 생각이 있는데 너무 그걸 생각하고 만져보니까 너무 부 그것도 생각보다 너무 부드러웠다. 
그래서 비빈다 견이 굉장히 유명해졌고 유아용품에서 인견이 굉장히 많이 나오기 시작했고 그다음에"
45,19:09,"진짜 시원하다 이거 기본 그다음에 생각보다 너무 부드러운데 그렇게 생각을 했고 그다음에 이제 저희가 인견은 저희가 다 무영광으로 했기 때문에 신생아들 사용하시기 너무 좋을 것 같고 그다음에 이것도 한번 좀 자랑하고 갈까 봐요 비빈다 인견 쿨매트나 인견 패드 인견 제품 구매하시면 다 요 택이 달려 나갈 거예요. 
여러분"
46,19:28,"기본적으로 비비엔다 택은 이제 이렇게 정품 비비엔다 정품 택 달려 나가고요. 
거기다 플러스 요 풍기인견 택이 달려 나갑니다. 
잘 보여요 이거는 좀 자랑해야 돼 왜냐면 나는 사실 저희가 알기로는 풍기인견 협동조합에서 정품 풍기인견을 쓰는 회사한테만 이택을 제공해주는 걸로 저희는 계약을 했어요."
47,19:52,"근데 이거 없이 풍기견이라고 광고하는 데가 좀 있어 꼭 확인하셔야 돼요 이거 확인해 봐 주세요. 
왜냐하면 저희가 확인할 방법은 없지만 고객님들이 한번 확인을 해보세요. 
풍기인견 협동조합에서 여기 써 있어요. 
본 제품은 풍기인견 협동조합원이 생산한 원단임을 증명합니다라고 적혀 있거든요. 
그래서 풍기인견 협회에서 제공한 이 책이 달려 있어야 정품 풍기인견이라고 좀 봐주시면 좋을 것 같고 또한 저희가 로하스 인증 원단을 사용을 합니다."
48,20:21,"우리가 rooass는 신체적으로 정신적인 신체적 정신적 건강은 물론 환경 사회적의 및 지속 가능한 소비의 높은 가치를 두고 생활하는 사람들의 새로운 라이프 스타일을 뜻하는 las 인증을 업계 최초로 인견 소재로는 최초로 받았습니다. 
그래서 로하스 인증 택까지 확인해 주시면 좋을 것 같아요. 
이거 보니 믿음이 가요 풍기 인견 맞아요."
49,20:47,"풍기 인견 유명한 거 다 아시죠 예 풍기 인견 유명한 거 다 아시는데 풍기 인견 협동조합에서 로하스 인증 받은 원단으로 저희가 제공을 받아서 저희가 원단으로 재직을 해서 이렇게 하고 있으니까 믿고 구매하시면 좋을 것 같고 큰 사이즈 젤리곰 사셨대요 잘하셨어요. 
예 사은품 블랭킷이 거의 다 끝나가나요. 
지금 20분 되는 타이밍에"
50,21:13,"저희가 이제 오늘 그래도 무려 500분 넣어드렸거든요. 
곧 끝나간다고 하니까 여러분 사업품 아까 제가 선택하는 법 알려드렸죠. 
아직 구매 안 하신 분 분들은 사업품 아까 인견 냉간 블랭크 받으실 분들은 빨리 선점해 주시면 좋을 것 같아요. 
엎드려서는 얼굴이 부비하네 감촉은 어떤가요 까끌까끌한가요 네 제가 아까 계속 강조했잖아요. 
인견인데 생각보다는 부드러우실 거예요. 
인견은 소재의 특성 자체가 실크처럼 부드러운 소재는 아니에요."
51,21:45,"따끈따끈하긴 해요. 하지만 인견 중에는 굉장히 부드러운 편에 속하다고 생각 드실 거예요. 
왜냐면 저희가 아가용에 맞춰서 가공을 정말 많이 해서 부들부들한 인견으로 저희가 만들었기 때문에 아마 저희 후기에 인견 여러 브랜드 써봤는데 bb 핸드폰 진짜 좀 부드럽더라라는 후기가 굉장히 많았기 때문에 여러분들 그거는 조금 기억을 하시면 좋을 것 같고"
52,22:07,"지금 인견 쿨 매트랑 패그랑 고민하시는 분들이 좀 많으신 것 같아서 비교를 좀 해드리고 가면 좋을 것 같아요. 
일단은 디자인도 좀 보시면서 가면 좋을 것 같고 저희가 이제 신상으로 가장 최근에 신상으로 나온 디자인이 요렇게 젤리곰 디자인입니다. 
젤리 곤 디자인을 가까이서 한번 블링 핏으로 보여드릴까 봐요 이게 잘 안 보이더라고"
53,22:35,"이 베이지 컬러의 바탕색에 약간 쿠키를 구워놓은 듯한 진짜 그러네 쿠키를 구워놓은 듯한 이런 곰들을 총총총 박아가지고 요런 디자인이라고 보시면 되고 인기는 지금 젤리고미 인기가 제일 많다고 합니다. 
예 결제하다가 선착순 상품 끝났대요 네 선착순 사은품이 지금 끝났나요."
54,23:03,"끝났어요. 전체 얼음용만 슈퍼 인경 콜매트 슈퍼 싱글 퀸 사이즈에 있는 상호품은 저희가 250분 세팅 끝났고요. 
특배형 사신 분들은 아직 조금 남아있다고 합니다. 
네 그래서 인견 요 젤리곰은 젤리곰은 요런 느낌이라고 봐주시면 될 것 같고 요게 지금 인견 쿨리트예요. 
비교를 한번 해드릴게요 이게"
55,23:30,인견 쿨매트고요 인견 패드는 요걸로 한번 보여드릴게요
56,23:40,"요게 이제 인견 패드예요. 그래서 요 두 개의 차이는 딱 하나의 차이라고 보시면 두 개의 차이가 다 일단 인견 패드는 여러분들 아까 제가 설명해드린 인견은 일단 여러분들이 딱 다 보면 촉감이 시원하다 약간 서늘하다 이런 느낌이에요. 
그냥 여기 딱 앉아보면 서늘하다 이런 느낌 그러니까 인견이 소재가 주는 청량감이 있어요."
57,24:05,"딱 만졌을 때 자체에 청량감이 있기 때문에 그냥 소재의 특징 자체가 시원해요. 
시원한 촉감을 가지고 있어요. 그래서 인견 패드를 하시든 인견 코멘트를 하시든 대보면 굉장히 서늘한 그런 느낌을 받아보실 수 있고 인간 패드는 양면입니다. 
그래서 뒷면은 10년 100%로 만들었기 때문에"
58,24:24,"나는 좀 그냥 가성비로 인견을 처음. 
입문하는데 쿨레트는 세탁도 조금 그래도 신경 써야 되고 이거는 막바지 돼 그냥 막 왜냐면 이건 솜이니까 그냥 막 봐라 이렇게 그냥 막 넣어서 그냥 막 봐라 그래서 인견 패드로 입문하시는 것도 저는 추천 그래서 나는 가성비로"
59,24:44,"인견 패드를 원한다 어차피 인견은 둘 다 똑같이 시원하니까 그래서 요거 인견 패드는 요 상품을 봐주시면 될 것 같고 뒷면이 이제 숙면 100%로 아이보리로 깨끗하게 뒤집어서 한번 보여주세요. 
네"
60,25:00,"이렇게 뒤집어서 양면 사용해도 되잖아요. 
그니까 이게 이제 숙면 100% 요쪽으로 리버십으로 쓰시는 거예요. 
듀얼로 쓰시면 되고 양면으로 양면으로 구매하시면 될 것 같아요. 
네 인경 콜매트 세트 사려는데 블랭키 사업품 콜레트 세트에는 저희가 냉감 블랭키 증정이 없고 콜레트 단품에만 지금 차음품 증정이 있습니다."
61,25:20,네
62,25:21,"쿨레드 세탁이 좀 까다로운가요 까다롭지는 않은데 아무래도 세탁기 용량이 조금 크셔야 돼요 네 패드는 그래도 좀 더 작아도 괜찮습니다. 
안에 소이기 때문에 그다음에 이제 인견 쿨매트는 뒷면이 미끄럼 방지가 됩니다. 
미끄럼 방지가 돼서 뒷면에 저희가 실리콘을 총총총 박아놨고 진짜 우리 비비엔다 미끄럼 방지 한번 써본 사람들 다른 데 미끄럼 방지가 없어"
63,25:48,"미끄럼 방지에 우리가 진짜 진심이야 진짜 진심이야 이거 우리 우리 열정 영상 한번 보여줘요. 
테스트 영상 네 pd님 듣고 있나요. 
올라오나요. 네. 그래서 뒤에 미끄럼 방지가 총총총총 되어 있어 가지고 엄마들이 진짜 미끈방지 안 될 때만큼 스트레스 받을 일이 진짜 스트레스 받아 왜냐면은 애들이 미끄럼 방지 안 되는 매트 위에서 자면 이렇게 계란 마리가 돼 있는 거야 이렇게 돌돌돌돌 말고 자 애들이 그래서"
64,26:15,"미끄럼 방지에 저희가 진심이고 보통 시중에 러그 상품이나 이런 상품들을 미끄럼 방지로 물건을 사보면 뒤에 검은색으로 이렇게 점점점점 박혀져 있는데 하나도 안 되는 거 되게 많아요. 
안 돼요 기능이 되게 안 되는 게 많은데 그래서 인형 쿨 매트를 구매를 하시면 지금 영상을 보는 것처럼 미끄럼 방지 저희가 트위스트 춤을 춰도 그냥 바닥에 착 붙어 있죠"
65,26:38,네
66,26:38,"바닥에 그냥 착 붙어 있어요. 네. 인경 쿨매트 샀는데 여름에만 쓸 수 있나요. 
인경 쿨매트는 약간 서늘한 그런 느낌이라서 약간 통기성이 굉장히 좋은 제품이라서 사실은 아가들은 땀이 많기 때문에 거의 사계절 다 쓰시더라고요 여름 상품으로 나왔지만 여름에 사서 거의 막 한겨울 진짜 추울 때 빼고는 거의 사계절 다 쓰시더라고요 네"
67,27:03,"저는 잘 쓰고 있어요. 다원 아람 님 알아서 엄마들이 댓글을 다 우리 대답을 대신해 주고 있어요. 
뒤집기 하는데 괜찮냐고 여쭤보고 뒤집기 하면 네 귀집기 하면 아기 괜찮고요. 
인견 콜매트는 침대 사이즈가 없는 거죠. 
인견 콜매트는 사이즈 3가지 특대형 범퍼 침대에 많은 100에 150 유아용 슈퍼싱글 사이즈 110에 2000"
68,27:24,"퀸 사이즈 200에 150 그래서 3가지 준비해놨고요. 
접어서 쓸 수 있나요. 접어서 쓰셔도 됩니다. 
코 박을까 봐 푹신 너무 푹신하면 또 코박을 그 정도는 아니에요. 
그 정도 아니 그 정도는 아니고요 그다음에 이제 인견 패드랑 인견 쿨매트가 뭐가 다르냐 하시면 아마 가장 큰 차이는 통기성의 차이예요. 
뭐가 더 시원하냐 하면 쿨매트가 더 시원해요. 
달리 해서 콜렌트가 아니에요. 패드는 인견 촉톱 자체가 시원하지만 안에 솜이 들어 있으니까 아무래도 좀 풍기성이 떨어져요."
69,27:52,"예 근데 인경 콜레트 같은 경우는 안에 이제 에어 매시가 들어 있는 상품이라서 저희가 이제 실험을 좀 해봤거든요. 
여러분들한테 이제 좀 와 닿으시라고 실험을 해봤는데 이 인견 쿨매트 같은 경우는 저희가 위에 인견 넣고 뒤에 미끄럼 방지 넣고 가운데다가 에어 메시를 넣어놨어요. 
에어 메시를 넣어놨고 에어 매시가 뭐냐 여러분"
70,28:15,"보통 우리가 땀 차는 곳에는 에어매시를 다 사요 맞아요. 
나이키 신발 땀 차는 뒤꿈치에 뭐 있어요. 
에어매쉬 있어요. 그다음 또 뭐 있죠 유모차 라이너 라이너 다 에어매슈로 만듭니다. 
그다음에 왜 학생들 책가방 여기 등에 패드 등에 땅 차요 여기에 땅 차요. 
그러면 여기 다 에어 매시로 만듭니다. 
좀 고가 등산 그런 브랜드에서 다 사면 아웃더블 다 에어매시로 만들"
71,28:41,"그만큼 에어 메시는 저희가 이제 에어메시를 좀 잘라왔어요. 
여러분들이 좀 이해를 돕기 위해서 여기 보시면 수만 개의 실로 이렇게 꼬아가지고 이렇게 두께감을 만들어 놓은 거예요. 
두께감을 만들어놨기 때문에 위 안에 이 안에서 공기가 계속 통하는 거예요. 
손 같은 경우에는 막혀 있기 때문에 좀"
72,29:08,"막혀 있다고 보시면 되는데 에어매시 같은 경우에는 이 안에가 실로 쌓아놔서 이 공기가 통합니다. 
공기가 통하기 때문에 이 밑으로 공기가 계속 통풍이 된다고 보시면 되고 쿨 매트 같은 경우에는 위에 안 그래도 인견도 시원한 소재인데 안에 에어 매시를 넣어놔서 내가 누워 있는 그 내 밑으로 밑으로 계속 공기가 통한다고 보시면 될 것 같아요. 
네 계속 공기가 통한다고 보시면 될 것 같고"
73,29:34,"슈퍼 싱글 퀸 사이즈 있냐고 계속 물어보시는데 인경 코멘트 슈퍼싱글 퀸 사이즈 상품 두 번째 상품이 있다고 해요. 
예"
74,29:43,네
75,29:46,토이승 영상 올려주시나요. 네 인경 쿨매트와 저희가 이제 인견 패드랑 인견 쿨매트가 뭐가 달라요 하시는 분들이 맨날 너무 많아가지고 영상을 좀 찍어놨는데 이제 왼쪽이 인견 쿨루트를 저희가 드라이아이스에서 딱 놨을 때는 공기가 계속 나오죠 딱 막아서 손으로 꽉 막아놔도 계속 공기가 통하고요
76,30:08,"그다음에 오른쪽 보시면 인간 패드는 손이 들어 있기 때문에 아무래도 인간 소재의 시원한 느낌은 똑같지만 막혀 있어서 이 드라이아이스가 안 통하는 걸 보실 수 있을 거예요. 
둘 다 저희 상품이에요. 저희가 다른 회사 제품이랑 비교한 게 아니고 둘 다 저희 상품이지만 분명히 장단점이 다르다 왼쪽이 인경 쿨매트 공기가 계속"
77,30:31,"계속 통풍이 된다. 오른쪽에 인견 패드 아무래도 솜이 들어 있기 때문에 딱 막혀서 잘 안 나온다. 
그렇게 좀 봐주시면 될 것 같아요. 이거는 가성비가 좋은 것 같아요. 
패드는 인견 패드 근데 사실 주문율 보면 패드도 너무 많아요. 
인문을 만약 저도 이걸로 시작했거든요. 
근데 인간 패드만 쓰시는 분들은 이쪽으로 넘어오시기 전에 이것도 너무 좋다. 
그래 이것도 너무 좋다. 그래 통기성 차이는 정확하게 봐주시면 좋을 것 같고"
78,30:58,"이제 우리가 30분이나 됐어 빨리 우리가 커피 쿠폰을 한번 싸드리고 디자인을 본격적으로 보여 왜냐면 우리가 디자인이 많은데 지금 젤리곰만 보여드리면 안 되니까 커피 쿠폰을 한번 쌓아드릴까요. 
선착수 사업품은 이제 다 끝난 것 같아요. 
여러분 선착순 사은품은 다 끝난 것 같으니까"
79,31:22,"근데 이제 지금 오늘 저희가 추후에 핫티를 해도 오늘은 핫티가 2천원 쿠폰이 추가로 붙잖아요. 
그다음에 오늘 구매하시고 후기 이벤트 참여하시면 수면 조끼를 드리잖아요. 
아니 이거 진짜 말 다 했지 콜레트가 5만 원대인데 이거 2만 원 넘게 판매하는 건데 이거를 드리잖아요. 
아기 인견으로 된 수면 조끼"
80,31:45,"찰랑찰랑거리는 그래서 오늘 구매하시면 후기 작성하시고 이벤트 참여하시면 요거를 다 받으실 수 있어요. 
나는 똥손이라 사진 좀 잘 못 찍어 그래서 나는 항상 후기 이런 거 써도 우수기 베스트 리뷰 이런 거 당첨 안돼 상관없어 다 드릴게요 다 드릴게요 왜냐면 시즌 오픈 때나 할 수 있는 행사예요. 
맞아 시즌 오픈 때나 할 수 있는 행사니까 커피 쿠폰 가볼게요 커피 쿠폰 싸주세요. 
hye 님"
81,32:13,"싸드릴게요 오늘은 댓글 중에 두 번째로 가겠습니다. 
댓글 중에 밑에서 두 번째 밑에서 두 번째 밑에서 두 번째 내가 잠깐 준비 좀 하고 여러분 지금부터 네 네 지금 어디 갔지 지금부터 아무말 대잔치로 아무말 대잔치로 그냥 더워 더워 후기 작성만 하면 다 받는 거예요. 
후기 작성하시면 누구나 받으실 수 있어요. 
네. 커피 쿠폰 고민하다 끝 네"
82,32:41,"네 약 줘요. 네 저도 주세요. 네 지금부터 커피 드릴 테니까 아무 말이나 그냥 이 이은 기윽 윽 우리 아기 이름 불러도 돼요. 
벼라 사랑해 이렇게 엄마가 미안해 어제도 화내서 이렇게 아무 말이나 적어주시면 우리 실장님이 캡처 해놨다가 밑에서 두 번째 분한테 핸드폰 기준으로 하겠습니다. 
네. 제가 하나 둘 셋 화면은 캡처해 주세요. 
하나 처음. 구매해요. 아니요. 둘 갈게요 네 나 진짜 가 손 떨리고 있어 셋"
83,33:16,네 바로 가시죠
84,33:17,네
85,33:18,"신나요. 짜요 짜요 님 짜요. 우리 아기하고 느낌표 해 주신 분 우리 아기 하고 느낌표 우리 아기 말 좀 들어 짜이유 님 축하드려요. 
커피 쿠폰 드릴게요 좀 이따가 비비엔다 네이버 톡톡으로 비비엔다 네이버 톡톡으로"
86,33:48,"비비엔다 사랑해요. 엄청 저도 엄청 사랑해요. 
짜언 님 좀 이따가 네이버 톡톡으로 저 커피 쿠폰 됐어요. 
커피 주세요. 하시면 저희가 쿠폰 보내드릴게요 축하드려요. 
좀 이따가 한 45분쯤 한 분 더 갈게요 그리고 지금 저희 구매 인증 이벤트 하고 있는 거 아시죠 매하신 분들 계속 구매 번호랑 주문 번호랑 같이 해서 구매 인증 남겨주시면 50분에 좀 있다가 공개 발표 통해서 한 분께 bb엔당 10만 원 상품권 드릴게요"
87,34:16,"구매 인정 캐피 캡처인 줄 네네 구매 인증 캡처 아니고 네 지금 보이는 게 특징은 네 맞습니다. 
디자인 한 번씩 좀 보여드릴게요 지금 일단 인기 1등은 인기 1등 좀 봐주세요. 
인기 1등 젤리곰 맞아요. 네. 젤리곰이 가장 많다고 하고요. 
지금 요 상품 같은 경우는 이제 젤리곰이고"
88,34:39,"아니요. 세트로 좀 보여드리려고요 저희가 세트 상품 보시면 젤리 곰에 예를 들면 젤리곰이다. 
젤리곰 베개에다가 젤리곰 이불을 보통 보통은 이렇게 팔죠. 
이렇게 젤리곰 매트에 젤리곰 베에 젤리곰 이불 근데 저희 거 세트 들어가서 보시면 저희는 약간 믹스 매치를 해놨어요."
89,35:06,그래서 저희는 약간 디자인을 좀 믹스 매치를 해서 어울리게 했기 때문에 그래서 보시면 쿨매트 세트 들어가서 보시면 그래서 만약에 나는 베개는 필요 없고 오늘 매트랑 이불 살래 하시면 이런 식으로 구성하시면 좋을 것 같은데 젤리곰 콜레트에다가 베이지 체크 베개에다가 베이지 체크 이블 요렇게 저희는 약간
90,35:29,"이거 내 개인적인 취향인데 이게 더 예쁘지 않아요. 
나도 너무 똑같은 거거든 또 이게 왜냐하면 저희가 세트로 구성하실 수 있게 여기 지금 여기에 있는 이 베이지 색이랑 요 바탕 색이랑 맞춰놨어요. 
맞춰놔가지고 색깔이 굉장히 잘 어울리고 이렇게 세트로 저는 제 개인적인 취향을 담아 추천"
91,35:51,네
92,35:54,"네. 네 그게 더 예뻐요 감사해요. sc 님 손 같이 구매 가능해요. 
네 맞아요. 기주 님 감사해요. 그다음 다른 디자인 한번 보여드릴게요 여러분 보고 싶은 디자인 있으면 하나씩 얘기를 해 주시면 제가 순서대로 보여드릴게요 주문율 2등은 당연히 우리가 이제 치타가 안 나오면 안 되니까"
93,36:16,근데 여름에는 이 하얀 바탕이 진짜 시원해 보이긴 해 그쵸 확 시원해 보이지 않아도 이렇게 치타는 이렇게
94,36:26,다 같이
95,36:31,"치타 콜레트 제가 깔아드렸고요 치타 베에 치타 이불 이렇게 깔아드렸어요. 
너무 시원해 보이고 우리가 치타가 진짜 완전 대란템이었잖아요. 
맞아요. 근데 이제 요즘에 젤리곰이 나오면서 얘가 조금 뒤로 밀린 감이 있지만"
96,36:51,"그래도 요런 느낌 쌍코넛 느낌 좋아하시는 분들 약간 요런 느낌 애기 거 너무 이렇게 잔잔한 거보다 좀 이렇게 좀 화사한 거 좋아하시는 분들한테는 여전히 가장 인기가 좋아요. 
애기들이 더 좋아하는 것 같아요. 애들 그리고 우리 딸은 저희 딸이 치타를 진짜 좋아하거든요. 
치타를 계속 새 자기 전에 다 새기 전에 앉아 그래서 한 마리 두 마리 이렇게 새더라고요"
97,37:16,"치타를 굉장히 좋아해요. 네 만약에 치타를 나는 치타를 쿨 마트를 샀는데 뭔가 믹스 매치로 해가지고 나는 이불 같은 거 하나 더 살래 하시면 제 추천은 옐로우 체크랑도 되게 잘 어울리거든요. 
저는 이게 제가 2년 전에 샀을 때는 이렇게 샀어요. 
저는"
98,37:37,"이렇게 그렇쵸 요렇게 해도 너무 예뻐요. 
체크"
99,37:48,"옐로우 체크 베개랑 이렇게 이쁘죠 네 피크닉을 보여달라고 하시네요. 
피크닉이 오늘 있나요. 피크닉은 오늘 디자인에 보여드린 디자인이 없네요. 
그래서 이렇게도 너무 예뻐요. 옐로우 체크도 예쁘네요. 
맞아요. 옐로 체크 그러면 보여드린 게 이제 옐로 체크 옐로 체크 매트를 보여드릴게요"
100,38:18,"옐로 이런 색감을 좋아하시는 분들은 저도 개인적으로 너무 좋아하는데 옐로 체크 패드 너무 이쁘다. 
요건 그냥 인견 패드죠 지금 너무 예뻐"
101,38:31,어
102,38:35,"그래서 옐로 체크 패드에다가 옐로 체크 그다음에 이거 불린 게 진짜 예뻐 이거 그거야 이거로 세트로 지금 판매 중인 거는 요거예요. 
튤립 튤립 맞아 튤립 이거 진짜 그니까 블랭킷 단품으로 블랭킷 사신 분들 이거 주문율이 진짜 많더라고요"
103,39:00,"진짜 옐로우로 튤립이 싸콤하게 깨끗하게 박혀 있어가지고 이렇게 너무 예뻐. 
이게 안 보이실 것 같아요. 속상하다 보여요"
104,39:17,"인견은 사실 이런 느낌이 좀 시원해 보이고 너무 좋거든요. 
하얀 바탕에 이런 튤립 총총 박혀 있는 민경은 그냥 이렇게 찰랑찰랑한 느낌이라고 봐주시면 되고 원단 느낌은 찰랑찰랑한 느낌이라고 봐주시면 될 것 같아요. 
아 가지 다 가지고 싶어 그러면은 우리 유리 실장님처럼 다둥이 마음을 이렇게 한번 생각해 보세요. 
그래서"
105,39:43,"옐로 체크에다가 이렇게 해도 너무 이쁘다. 
치타 사길 잘했어요. 네 침탁 취향이신 분들 이렇게 이렇게도 어울리지 이렇게도 어울리 그러니까 우리가 저희가 디자인을 할 때 하나하나 하나 따로 해가지고 대충 하는 게 이거 하나 따로 이쁘고 이거 하나 따로 이쁘고 이렇게 하는 게 아니고 이렇게도 이쁘고 저렇게도 이쁘게 해놨기 때문에 디자인이 달라도 굉장히 느낌 있게"
106,40:08,"치타 베개를 찾고 계신가요 네 여기 여기 있습니다. 
아니 옐로 체크 패드에 인견 저 치타이블도 왜 이렇게 이쁜 거야 이쁘다 이쁘다 너무 이쁘네 너무 이쁘네 우리끼리 신났네"
107,40:22,네
108,40:22,윤 님 아이싱은 다음 주요
109,40:24,네
110,40:25,"아이싱은 다음 주요를 지금 한 100번 얘기하고 있어요. 
물어보셔 아이싱은 다음 주 화요일 5월 10일 낮 12시입니다. 
네 네 노랑이 예쁘네요. 그죠 맞죠. 
네 이렇게 하시면 될 것 같고 디자인은 오늘 나온 김에 좀 다 아이스 팝이 아까 슈퍼 싱글이 다 품절됐어요. 
다른 사이즈는 있죠. 다른 사이즈는 있다고 하니까요."
111,40:48,"근데 아이스 팝도 인기가 되게 좋거든요. 
아이스 팝도 인기가 되게 좋은데 슈퍼 싱글만 품절이 됐어요. 
네 요게 이제 아이스 팝인데 요거는 되게 약간 줌에서 보여주시면 파스텔 톤의 약간 손사탕 같은 이런 딸기 아이스크림 민트 아이스크림 약간 딸 만들 추천 딸 만들 추천"
112,41:14,"나는 딸 맘인데 내가 치타 사주긴 했는데 딸 맘들 추천 제트 제트 에스 님 아이시 할 때 베게도 해요. 
네 합니다. 네 아이싱 아이싱만 아주 문의가 엄청 많으셔가지고 아이싱 이거 너무너무 귀엽다 너무 귀엽네 디자인이 하나하나 다 예쁜 감사해요. 
퀸으로 주문했는데 침대 이불 위에서 또 미끄럼 방지 되나요. 
네 이게 실리콘 미끄럼 방지라서 바닥에는 진짜 그냥 완전 착 붙어 있고"
113,41:44,"그냥 진짜 풀로 붙여놓은 것처럼 착 붙어 있고 그래도 침대 위에 해도 되긴 되는데 그래도 바닥처럼 착 붙어 있지 않아요. 
그래도 안 돼 있는 것보다 훨씬 나아요. 
진짜 콜레트에만 되어 있는 거 네 미끄럼 방지는 쿨레트만 되어 있고 인견 패드 상품에는 뒷면이 숙면이라서 양면 사용하실 수 있어요. 
. 이렇게"
114,42:07,"거는 요거는 이거는 인견 패드 인견 패드는 뒷면은 인견 안면은 한 면은 인견 1면은 순면 100% 하얀색으로 깔끔하게 이렇게 우리 테두리도 좀 다르잖아요. 
이게 맞아 이게 지금 저희가 쿨레트로 보여드려야 될 다음 디자인 보여드리면서 내가 네 저거 테두리를 이거 칩 다 지으라 으라를"
115,42:35,"치타랑 지브라랑 2개 이제 양재 300으로 인기가 좋았는데 요런 그레이 그레이한 느낌 좋아하시는 분들은 지브라도 추천드려요. 
오늘 디자인을 저희가 골고루 좀 다 보여드리려고 갖고 왔고 사실 아까 아이싱하고 비교를 원하시는 분들이 계셨는데 아이식은 저희가 접촉 냉감 소재로 해가지고 원단 자체가 그냥 피부가 닿았을 때 너무너무 시원해요. 
진짜 너무너무 시원해요."
116,43:05,"그거는 그냥 차가운 느낌이고 인견은 약간 서늘한 느낌이에요. 
그래서 약간 이건 자연적인 시원함 그건 약간 진짜 거의 이거 진짜 너무 너무 그냥 이거 그냥 거의 약간 기술적인 차가워 이거는 자연스러운 차가운 맞아 그래서 약간 호불호가 있어요. 
자연스러운 차가움을 좋아하시는 분들은 인견을 되게 많이 쓰시고 그다음에 아이싱 같은 경우에는 소재 자체가 시원한 거라 위에 표면이 시원해요. 
근데 인견은 안에 에어매시가 들어 있어서"
117,43:35,"소재는 서늘한데 밑으로 공기 통풍이 되면서 선선한 느낌이 드는 거기 때문에 오히려 신생아들 이렇게 가만히 누워 있는 애들 그런 애들은 너무 좋죠. 
왜 가만히 누워 있어도 밑으로 공기가 계속 통하기 때문에 근데 iising은 딱 누우면은 그 촉감 자체가 너무너무 시원하지만 통기성은 얘보다 떨어져요. 
인경 쿨레트는 소재 자체는 서늘한 느낌이지만 통기가 계속되기 때문에"
118,44:01,"그 서늘한 느낌을 계속 받아볼 수가 있어서 나는 그러니까 통기성을 선택할래 아니면 그냥 차가운 걸 선택할래라고 약간 그런 차이로 그런 차이로 봐주시면 좋을 것 같아요. 
네 소미랑 라텍스 제발 골라주세요. 베개요 저는 사실 개인적으로 라텍스 추천합니다. 
왜냐하면 저희 딸이 라텍스 베개 애착 베개를 너무너무 잘 쓰고 있어서 또 저희가 라텍스 베개가 이제 천연 고무 100%로 해서 굉장히 말카할만큼 좋거든요."
119,44:29,"그래서 라텍스 베개는 이렇게 저희가 준비를 해놨으니까 돌전하기는 베개 위 베개 뭐 써야 하나요. 
돌 전화기는 비비필로 쓰시면 됩니다. 
비비 필로우 짱구 베개 쓰시면 돼요 비비필로 비비 필로우도 오늘 특가로 구매하실 수 있고 비비 필로우는 이렇게 오픈하시면 안에가 다 통 매시로만 되어 있어요."
120,44:56,이 안에 이렇게 두꺼운데 이 안에는 보통은 위아래만 매시로 위아래에 매시로 만들고 안에다 솜이나 이런 걸 넣더라고요 근데 왜냐하면 메시가 비싸 맞아 메시가 비싸 근데 저희는 이 안에 3중 4중 구조가 전부 다 다 매시로만 되어 있어서 계속 통풍이 되는 거라고 보시면 되고 여기 이제 짱구백에 사용하실 수 있기 때문에 요거를 인견에다 씌우면
121,45:22,"안 그래도 이게 통풍이 너무 잘 되는데 에어매인데 인견으로 딱 씌우면 너무 좋지 그래서 돌 전에 아가들에게 추천을 할게요 네 디자인 다 예뻐요. 
지금 지브라 지브라를 한번 보여드리고 있어요. 
지브랑 지브라는 제 추천은 저 그레이 체크 블랭킷이랑도 너무 잘 어울리니까"
122,45:49,"한번 난리가 났네 이렇게도 올리지 이렇게도 너무 어울려 너무 어울려 어떻게 이렇게 색감을 잘 맞춰놨는지 그쵸 설명 고맙습니다. 
감사합니다. 믿고 쓰는 비비엔다 감사해요. 
디자인은 이렇게 그레이 체크에 집으라도 너무 예쁩니다. 
여러분 비비엔다 대박이네요. 감사해요."
123,46:18,"믹스 매치 맛집이네 감사합니다. 개인 매치 네 이제 46분 정도 돼 가지고 커피 쿠폰 한 잔 더 갖고 갈게요. 
커피 지금부터 라방 기다린 보람 있네요. 
감사해요. 네 일하느라 바빠서 선착순 블랙킷 놓쳤어요. 
하유정 님 그래도 오늘 제가 아까 말씀드렸지만 오늘 산착순 2천 원 추가 할인 쿠폰은 오늘만 있는 쿠폰이기 때문에"
124,46:48,"가져가셔도 좋을 것 같아요. 제가 커피 한 모금 마시고 여러분께 커피를 쏴드리도록 하겠습니다. 
이번에 첫 번째 하겠습니다. 첫 번째 첫 번째 위에서부터 밑에서부터 첫 번째니까 여러분들이 지금부터 아무 말도 아까 우리 아기한테 근데 이거 이거 쓰는 거 어디 갔지 어디 갔지 잊어버렸네"
125,47:13,"아무말 대잔치로 올려주시기 바래요 커피 주세요. 
커피 커피 네 아이스 모양 이모티도 센스 있으시다 저여줘요. 
저요 하트 네 감사해요. 커피 커피 커피 당첨 가자 네 제가 하나 둘 셋 하면 밑에서 첫 번째 우리 예비 다둥이만 유리 실장님이 캡처를 해서 보여주실게요 하나 둘"
126,47:41,"나연아 나연아 되시길 셋 이건 근데 진짜 어떻게 뽑히는 거야 주세요. 
주세요. 어 아이디가 뭐예요. 누구지 2 미현 님"
127,47:59,2
128,48:10,"여러분 이제 저희가 50분 넘으면 구매 인증 당첨할게요. 
그래서 구매하신 분들 구매했어요. 구매했어요라고 남겨주시면 한 분 추첨해서 비비엔다 10만 원 상품권 드릴게요 고맙습니다. 
투미아 님 축하드려요. 싸서 하나 더 사야 되나 고민되네요. 
오늘 진짜 가격 너무 좋죠."
129,48:35,"구매 인증 이벤트 노래하겠어요. 기주 님 네 오늘 그래서 구매 인증 이벤트 구매 인증 이벤트는 50분에 마감하고 1 분 추천해가지고 드릴게요. 
다른 컬러도 보여드릴까요. 네 다른 컬러 한 번 더 보여드릴게요 이제 체크가 저희가 옐로우 체크"
130,48:59,"또 있는데 이거 아까 설명 안 드렸는데 라인 지금 저희가 인견 쿨매트 이제 보시면 인견이 이제 쓰시다 보면 물에 물과 마찰이 굉장히 약한 소재예요. 
인견은 나무 펄프에서 뽑아낸 소재잖아요. 
여러분 나무가 물에 젖으면 어떻게 되나요."
131,49:28,"바스라지잖아요. 그래서 나무가 물에 젖으면 약해지는 것처럼 인견 소재도 물과 마찰이 되게 약해요. 
그래서 보면 인간 소재는 많이 빨다 보면 해져요. 
해지고 그러니까 소재가 헤져요. 그냥 빵끈하고 헤지거든요. 
그리고 표면이 막 일어나듯이 헤져요. 
그러니까 인견 소재는 다른 소재보다 너무 시원하고 촉감이 너무 좋지만 수명이 약한 편이에요."
132,49:52,수명이 약한 편인데 저희가 인경 코멘트 그래도 싸지 않은 가격에 저희가 이제 핫들 같은 거 할 때는 그래도 가격이 좀 가성비가 좋지만 그래도 컴퓨터 하나에 5만 원 10만 원 주고 사면 비싼 제품인데 오래오래 쓰시라고 이게 이제 저희가 세탁을 테스트를 해보니까 보니까 여기 테두리에 인견을 쓰면 빨리 해져요.
133,50:15,"여기 테두리가 다 달아져요. 어쩔 수가 없더라고요 어쩔 수가 없어요. 
인견이라 근데 저희는 그걸 감안을 해서 세탁 테스트를 저희가 보통 제품이 나올 때 10번 20번씩 돌려봐요 때로는 진짜 1회 테스트도 해보자라고 할 정도로 세탁 테스트에 정말 진심으로 저희가 다 해보는 브랜드인데 그래서 그런 테스트를 통해서"
134,50:36,"이 테두리 마감은 다 숙면으로 해놨습니다. 
그래서 인견보다는 보통 대부분 아마 인견으로 만든 제품은 이게 왜냐면 소재를 바꿔서 만드는 게 또 되게 번거롭고 제작 효율이 안 나고 원가가 비싸지기 때문에 그런 건데 저희는 그래도 오래 쓰시라고 이 테두리 부분을 다 순만 바이어스 압박감으로 해가지고 해놨기 때문에 구매를 해보시면 보통 인견으로 된 제품들 여기 해져서 못 쓰는 제품 많은데 저희는 여기 부분 다 숙면으로 마감 처리를 해놨어요. 
네"
135,51:09,"추가 구매하려는데 배송비 발송해요. 보장 안 되나요. 
합포장 원하시는 분들은 전에 주문하셨던 거 취소 아예 하시고 재주문해 주셔야 돼요 죄송해요. 
왜냐면 네이버가 참 불편한 게 저희가 오늘 이거 하나 사고 더 사서 이거 배송비 안 나오게 합포장 우리가 이렇게 해줄 수 있는 시스템이 있으면 좋은데 없어요. 
그게 없어서 여러분이 전에 주문했던 걸 취소해버리고 다시 주문해 주셔야 돼요"
136,51:33,구매 인증 계속 올라오시고 계는데 잠시 후에 10만 원
137,51:39,어
138,51:40,"예측은 써드 드릴게요 그래서 저희는 인형 쿨매트 숙면 다이어스 감으로 튼튼하게 만들었다. 
그것도 한번 기억해 주시면 좋을 것 같아요. 
이번에 블루 체크 보여드릴까요. 네 블루 체크 사실 블루 체크 이런 거는 다른 디자인에서는 인기가 좋은 디자인이 아닌데 인견에서는 인기가 좋더라고요 왜냐면 이제 시원한 거"
139,52:06,시원한 느낌을 원하시니까 이거는 이제 민티 블루라고 해서 저희가 민트 색과 블루 색을 약간 섞어놓은 듯한 굉장히 시원한 느낌이라고 봐주시면 될 것 같고 요 민티 블루랑 세트로 쓰실 수 있는 거는 민티 블루 블랭킷도 있고 여기 보시면 쁘띠 팜이라 그래가지고
140,52:28,"여기 야자수가 총총총 박힌 세트 디자인도 또 있어서 요렇게 쓰셔도 되고 믹스 매치로 요렇게 쓰셔도 너무 예쁩니다. 
요렇게 진짜 시원해 보인다. 진짜 시원해 보이죠. 
여름은 여름만의 어떤 그런 시원한 느낌을 없나 봐 베개가 요 끝집함이 끝집함이 있어요. 
우리"
141,52:54,"여기 있다. 이렇게 다 이쁘네요. 감사해요. 
시원하죠. 10만 원 받아서 아이싱 사고 싶어요. 
미림 당첨되시길 바랍니다. 제발 이렇게 10만 원 당첨되시면 구매 인증 하시고 10만 원 당첨되시면 아이싱 사세요. 
진짜로 두 개 다 써보시면 너무 좋을 것 같아요. 
네 구매 인증 결핍 반장님 네 요렇게"
142,53:18,"엄박것도 바꾸고 싶네요. 저희가 디자인이 아기 거라고 그래서 막 유치하고 이런 디자인이 아니라서 좋아하시는 분들이 굉장히 많고 그래도 애기 감성을 잃지 않지만 깔끔하고 예쁜 디자인이 굉장히 많아요. 
네 비비엔다 첫 입문했는데 편안한 잠자리 만들어주고 싶어요. 
리코스는 비비엔다 감사합니다. 네 슈퍼 싱글 사용품 퀸 사이즈는 아까 20분 정도에 다 끝났습니다. 
아이싱 언제 라방이야 다음 주 화요일"
143,53:45,"네 지금 100번 말했나요. 다음 주 다음 주 화요일 12시 낮 12시 여러분 그때 다 들오세요. 
꼭 들어오세요. 네 감사해요. 디자인 이제 하나 넣었나요. 
마지막 마지막은 그레이 체크고요. 그건 아빠들이 많이 탐내시던데 근데 우리 직원들도 아빠들한테 선물 그니까 친정 아빠 선물로"
144,54:10,"여름 이불 하시는 분들 다 그릴 체크하시더라 근데 이거 진짜 오랜만에 또 인견을 느껴보는데 저희가 인견에 이제 겨울이나 이럴 때 방송 안 하다가 여름 돼서 이제 근데 진짜 시원하다 좋네 너무 좋네 인견 요게 그레이 체크고요. 
그레이 베개에다가 그레이 블 요렇게 해도 너무 좋고"
145,54:38,"또다시 저희는 믹스 매치를 준비해놨죠. 
요거예요. 요거 그래서 이거는 이거 진짜 우리 야심작이었는데 디자인이 너무 예쁘게 이거는 그레이 도트 그레이 도트는 하얀색 바탕에 그레이 요 동글뱅이랑 별 모양이 있어가지고 굉장히 깔끔한 디자인이고 그레이 체크로 패드나 매트 하시는 분들은 이불이랑 베개를 이렇게 하시면 너무"
146,55:03,네
147,55:07,"양면은 아니네요. 인견 패드는 양면이 맞고요 인견 콜레트는 뒤에 미끄럼 방지가 돼 있기 때문에 양면이 아닙니다. 
이렇게 킹 사이즈 있으면 정말 좋겠어요. 
저희가 킹 사이즈가 진짜 무늬가 많은데 퀸 사이즈까지 만들기도 공장이 너무 풀 가동이라서 킹 사이즈를 엄두를 못 내고 있어요. 
공장이 확장이 좀 더 되면 퀸 사이즈는 꼭"
148,55:33,"도전을 해볼 만한 사이즈라고 생각이 드는 것 같아요. 
베개 설명하시는 거 듣고 세트로 다시 주문했어요. 
감사합니다. 어떤 게 더 시원한가요 캔 님 어떤 거랑 인견 쿨 매트랑 인견 패드 인견 쿨매트는 안에 에어 매시가 들어 있어서 공기 통풍이 밑으로 계속 되기 때문에 선선한 느낌이 계속 유지가 되실 거예요. 
계속 유지가 되실 거고"
149,55:57,"그리고 인견 패드는 안에 솜이 들어 있기 때문에 아무래도 그런 인견 소재 자체는 시원해요. 
똑같이 시원해요. 근데 쿨레트처럼 그런 통풍되는 느낌은 못 받으실 거예요. 
네 더 시원한 건 쿨레트 근데 더 빨기 쉽고 가성비 좋고 뒤에 수면이 있기 때문에 양면 쓸 수 있는 건 인견 패드 그렇게 봐주시면 될 것 같아요. 
네 이거 울코스 세탁하면 돼요 울코스로 세탁기 돌리시면 되세요."
150,56:23,"마지막으로 이제 그래도 인기가 제일 좋은 젤리곰을 깔아놓고 이제 구매 인증 이벤트 당첨자 발표할게요 우리 구매 인증 이벤트 10만 원 상품권 당첨되실 분 발표할게요 됐나요. 
네 여러분 여기 지금 뒷면에 있거든요. 
두그두그두그두그두그 네. 구매 인증 이벤트 당첨자 10만 원"
151,56:54,"주인공 발표할게요 짠 러블리 에스제이님 립니다. 
축하드립니다. 러블리 sj 님 구매 인증 당첨자시고요 저희 네이버 톡톡으로 말 걸어주시면 저희가 10만 원 예치금 넣어드릴게요 그래서 비비앤드 상품 중에 원하는 거 아무거나 사세요. 
네 아무거나 사세요. 축하드려요. 네 축하드립니다. 
네"
152,57:22,"감사합니다. 사랑해요. 네 사랑해요. 
나왔습니다. 감사해요. 마지막으로 베개 고민이신 분들 위해서 베개 한 번 좀 정리해 드리고 이제 마무리하려고 하는데요. 
비비엔다가 이제 베개가 인견 제품으로는 요렇게 요렇게"
153,57:44,요렇게 준비가 되어 있어요. 그래서 인견 손베개 이제 인견 일반 베개 이렇게 들어가시면 요런 사이즈로 보실 수 있고요 이렇게 사이즈 맥기 1개 사이즈로 커버는 똑같이 인견인데 뒤에는 수면이고 커버는 뒤에 똑같이 인견인데 요거는 손 베개를 그냥 폭딱폭딱하니 기본 베개로 넣어놓은 거고 요거는 라텍스 베개로 넣어놨습니다.
154,58:08,"라텍스 베개는 저희가 천연 고무 100%로 만들어놔서 굉장히 말캉말캉하게 그래서 이게 지금 이 느낌이 너무 약간 변태 같은데 변태 같은 데 좋아가지고 아기들이 이걸 이렇게 좋아하더라고요 그래서 이렇게 이게 지금 보이실지 모르겠는데 이렇게 해서 경추백의 스타일로 높은 뜻과 낮은 쪽이 있어서 오래오래 쓰실 수 있어요. 
보통"
155,58:35,"초등학생까지도 다 쓰실 수 있기 때문에 요렇게 쓰실 수 있습니다. 
그래서 인견 베개를 싹 씌워주시면 우리 비비엔다 전 상품 중에 베개 버 베개 커버 주문율이 제일 많은 게 라텍스 백개에요. 
왜냐하면 이게 애착 베개인 애들이 너무 많아가지고 여름에 이제 아기 베개 하나 사줄까 해가지고 이렇게 인견 살 때"
156,59:02,인간이 많이 빨잖아 또 인견 라텍스 베개를 딱 사 그러면 이제 애들이 이게 애착 베개가 돼가지고 막 말캉말캉해가지고 막 이렇게 자는 거야 그러면 이제 여름 되니 가을 되면 요 커버만 모 달러 하나 더 사 그리고 또 숙면으로 하나 더 사고 이렇게 하시는 분들이 굉장히 많아서 커버 주문율이 진짜 많은 게 라텍스 백이에요.
157,59:21,"그러니까 라텍스 10개 주문율도 많은데 커버 주문율이 너무 많아가지고 아니 커버를 도대체 나 10장 상상도 봤어 주문을 10장을 했어 소재별로 그래가지고 그냥 계속 닦아주시겠다는 거죠. 
그래서 이렇게 구매하시면 될 것 같고 그다음에 쿨매트 세트에 준비된 저희가 bibi 필로 같은 경우에는 이렇게 경추 백이 있나요."
158,59:46,방송 한 번 하고 나면 여기가 아주 난리가 나 비비 필로우는 아까 보여드렸다시피
159,59:58,"통 메시로 해서 다 매시로만 안에 내장재도 메시로만 되어 있어서 통풍이 굉장히 잘 되는 베개라고 봐주시면 될 것 같고 짱구 베개가 있고 경추 베개가 있는데 지금 경추가 안 보여요 아닌가요 이거 이거요. 
짱구베개는 요렇게 짱구 형태로 되어 있고요 경추베개는 요렇게 경추 한번 눌러주는 베개로 되어 있어서"
160,1:00:23,"한 두 돌 이전까지는 한 18개월 미만까지는 짱구로 추천드리고 나는 이제 아기가 좀 컸다 하시면 경추베개 추천드려요. 
이거는 계속 쓰시면 돼요 그래서 요거 위에 인견으로 된 베개 커버를 싹 씌워가지고 쓰시면 된다라고 봐주시면 될 것 같아요. 
네"
161,1:00:44,"12시 네 감사합니다. 일단은 추가 구매 핫 배송 안 된대요 네 추가 구매하시는 분들은 이전 주문 취소하시고 재주문을 부탁을 드리고요. 
네 감사합니다. 양희 님 네 감사해요. 
죄송해요. 네이버 시스템이 좀 화포장 나중에 추가 구매해도 될 수 있게 좀 바뀌었으면 좋겠어요. 
네 매번 이게 해서 취소하면 블랙 킷이 사라져서요. 
그쵸 선착순 500번 받으셨구나 네"
162,1:01:10,"여러분 오늘 일단 저희가 얼리버드 썸버트가로 첫 번째 인견편 준비했고요. 
저가 릴레이로 다음 주 화요일 낮 12시 12시에는 네이버에서 저희가 대표 브랜드로 선정이 돼가지고 키즈 라이브 데이로 키즈 라이브 데이로 해서 네이버에서 저희를 대표 브랜드로 선정을 해 주셔서 행사를 크게 준비를 해놨습니다. 
아주 풍성하게 준비를 해놨으니까 다음 주 화요일 낮 12시에 만약에 인견은 이미 사셨고 아이싱 궁금하시다면 다음 주에 들어와주시면 좋을 것 같아요. 
오늘 감사합니다. 네"
